order_id,customer_id,product_id,order_date,quantity,total_amount
1,246,2,2025-02-04,1,319.68
2,152,49,2025-02-28,1,317.45
3,192,42,2025-05-09,1,20.0
4,146,35,2025-05-15,1,311.3
5,289,38,2025-04-16,2,565.18
6,174,13,2024-12-14,1,378.97
7,21,24,2024-11-14,1,341.1
8,300,7,2025-03-06,1,20.0
9,191,49,2025-02-16,1,317.45
10,91,7,2025-04-18,1,20.0
11,38,15,2025-03-27,2,293.44
12,197,9,2025-03-10,1,351.91
13,51,49,2025-03-05,2,634.9
14,270,49,2024-12-30,1,317.45
15,269,32,2025-01-25,1,20.0
16,162,39,2025-04-11,1,94.46
17,214,49,2025-04-16,1,317.45
18,137,22,2025-04-23,2,757.78
19,247,12,2024-12-31,1,188.63
20,53,47,2025-05-02,2,974.16
21,28,45,2025-03-13,1,240.63
22,74,24,2024-11-11,1,341.1
23,72,10,2025-04-16,1,95.99
24,86,44,2025-04-25,1,268.86
25,205,48,2024-12-16,1,249.55
26,286,16,2025-03-11,1,147.88
27,94,50,2025-03-05,1,468.58
28,257,43,2024-11-02,1,153.09
29,241,10,2025-01-10,1,95.99
30,180,44,2025-03-10,1,268.86
31,225,15,2024-11-18,3,440.16
32,219,48,2025-03-01,2,499.1
33,203,21,2024-11-13,1,288.48
34,220,27,2025-04-28,1,308.85
35,46,21,2025-02-22,1,288.48
36,238,1,2024-11-29,1,69.72
37,20,46,2025-01-30,2,397.16
38,187,21,2025-05-19,3,865.44
39,123,45,2025-03-21,1,240.63
40,288,31,2025-05-06,2,338.66
41,175,43,2024-12-30,1,153.09
42,17,12,2024-12-03,1,188.63
43,230,13,2025-04-23,1,378.97
44,241,28,2025-04-13,1,28.56
45,8,23,2025-04-16,1,87.7
46,65,18,2025-01-31,1,462.41
47,279,20,2025-04-22,1,246.34
48,37,23,2024-12-23,1,87.7
49,25,8,2025-03-23,1,148.53
50,66,34,2024-11-03,1,116.01
51,249,33,2025-02-16,1,20.0
52,205,46,2025-03-08,1,198.58
53,33,13,2024-12-17,2,757.94
54,179,15,2025-01-24,1,146.72
55,213,48,2025-03-06,2,499.1
56,60,26,2024-11-19,1,123.47
57,184,33,2025-02-05,1,20.0
58,53,13,2025-01-05,1,378.97
59,46,45,2024-12-01,1,240.63
60,189,12,2024-12-19,2,377.26
61,43,5,2025-02-17,1,130.57
62,230,47,2025-02-20,1,487.08
63,230,46,2024-11-11,1,198.58
64,213,4,2024-11-25,1,20.0
65,154,33,2025-02-09,1,20.0
66,193,47,2025-01-25,3,1461.24
67,189,23,2024-11-17,3,263.1
68,171,39,2024-12-18,1,94.46
69,62,2,2025-02-22,1,319.68
70,201,33,2025-01-22,1,20.0
71,17,14,2025-01-13,3,369.99
72,162,45,2025-01-13,3,721.89
73,78,21,2025-04-04,1,288.48
74,242,24,2024-12-28,1,341.1
75,274,49,2024-11-09,2,634.9
76,242,10,2024-12-24,1,95.99
77,170,16,2025-04-29,2,295.76
78,244,36,2024-12-27,1,179.16
79,160,50,2024-12-12,1,468.58
80,101,30,2025-03-04,2,193.18
81,170,31,2025-04-10,3,507.99
82,229,30,2025-01-09,1,96.59
83,224,47,2025-01-15,1,487.08
84,41,42,2025-02-09,1,20.0
85,239,7,2025-04-06,1,20.0
86,165,25,2025-03-25,1,49.53
87,289,40,2025-03-16,1,234.04
88,67,15,2025-05-18,1,146.72
89,30,11,2025-04-28,3,355.59
90,214,33,2025-02-22,1,20.0
91,140,39,2024-12-31,1,94.46
92,149,12,2025-03-14,2,377.26
93,122,45,2025-02-15,2,481.26
94,43,38,2025-02-07,1,282.59
95,281,5,2025-02-03,2,261.14
96,239,45,2025-04-11,2,481.26
97,70,11,2025-01-28,1,118.53
98,66,9,2025-01-17,2,703.82
99,213,10,2024-12-12,1,95.99
100,233,18,2025-04-07,1,462.41
101,119,40,2024-12-21,1,234.04
102,152,13,2025-03-31,1,378.97
103,26,49,2025-01-19,1,317.45
104,99,40,2025-02-23,2,468.08
105,14,12,2024-12-11,1,188.63
106,171,40,2025-04-20,1,234.04
107,83,21,2024-11-11,1,288.48
108,52,16,2024-11-11,2,295.76
109,178,14,2024-11-22,1,123.33
110,90,30,2025-02-20,1,96.59
111,89,7,2025-03-23,1,20.0
112,269,4,2025-04-05,2,40.0
113,122,42,2024-11-27,1,20.0
114,213,10,2024-12-31,3,287.97
115,158,11,2025-02-24,2,237.06
116,66,38,2025-02-03,1,282.59
117,205,2,2025-04-07,2,639.36
118,250,20,2025-02-19,1,246.34
119,222,47,2025-04-03,2,974.16
120,82,37,2024-12-07,2,400.68
121,99,15,2025-01-16,3,440.16
122,226,33,2024-12-08,1,20.0
123,102,11,2025-03-16,1,118.53
124,87,15,2025-03-08,1,146.72
125,61,7,2025-01-17,1,20.0
126,91,45,2024-11-05,1,240.63
127,256,47,2025-05-16,1,487.08
128,208,15,2025-03-22,1,146.72
129,119,40,2025-02-19,1,234.04
130,40,18,2025-01-04,2,924.82
131,288,20,2025-01-08,1,246.34
132,121,10,2025-04-08,2,191.98
133,105,13,2024-11-03,1,378.97
134,47,27,2025-03-12,1,308.85
135,155,32,2024-11-19,3,60.0
136,95,30,2025-01-22,1,96.59
137,259,5,2025-02-20,1,130.57
138,279,20,2024-11-25,2,492.68
139,231,41,2024-11-07,1,103.36
140,73,17,2025-01-25,1,464.71
141,66,29,2025-05-11,1,183.19
142,240,20,2024-11-30,1,246.34
143,254,31,2025-01-29,1,169.33
144,191,8,2024-12-30,2,297.06
145,184,45,2025-01-05,1,240.63
146,137,37,2025-03-15,1,200.34
147,48,7,2024-11-03,1,20.0
148,178,24,2025-02-24,1,341.1
149,230,25,2024-12-09,1,49.53
150,92,16,2024-12-16,3,443.64
151,171,14,2025-05-04,2,246.66
152,232,49,2024-12-07,1,317.45
153,281,16,2025-05-08,1,147.88
154,220,24,2025-02-05,1,341.1
155,83,17,2025-03-27,1,464.71
156,188,50,2025-02-10,1,468.58
157,274,45,2025-02-19,2,481.26
158,3,46,2024-12-30,1,198.58
159,244,15,2025-04-22,1,146.72
160,118,10,2025-04-03,2,191.98
161,177,29,2025-05-02,1,183.19
162,165,46,2024-11-01,1,198.58
163,239,22,2025-02-25,1,378.89
164,28,16,2024-11-06,1,147.88
165,133,9,2025-01-09,2,703.82
166,94,32,2024-12-17,1,20.0
167,82,16,2025-03-16,1,147.88
168,65,12,2025-04-14,3,565.89
169,142,26,2025-03-21,1,123.47
170,243,4,2025-02-06,3,60.0
171,289,27,2025-01-06,3,926.55
172,167,9,2024-11-20,1,351.91
173,119,48,2025-05-16,1,249.55
174,225,42,2025-01-17,1,20.0
175,48,24,2024-12-13,1,341.1
176,214,18,2025-05-16,1,462.41
177,235,35,2025-05-10,1,311.3
178,247,40,2024-11-11,1,234.04
179,29,16,2024-12-08,1,147.88
180,238,50,2025-02-18,2,937.16
181,118,7,2025-03-13,2,40.0
182,254,3,2025-04-09,1,233.96
183,192,9,2024-12-20,1,351.91
184,114,2,2025-04-26,3,959.04
185,34,5,2025-03-11,1,130.57
186,276,33,2025-03-03,1,20.0
187,276,41,2025-03-08,1,103.36
188,150,41,2024-12-20,1,103.36
189,167,26,2025-04-10,3,370.41
190,102,34,2025-04-09,1,116.01
191,110,13,2024-11-09,1,378.97
192,265,13,2025-04-10,1,378.97
193,154,18,2025-03-01,3,1387.23
194,147,9,2025-03-18,1,351.91
195,201,21,2024-12-03,2,576.96
196,127,10,2024-11-20,2,191.98
197,191,41,2024-12-30,1,103.36
198,187,7,2025-04-07,1,20.0
199,225,4,2025-05-02,2,40.0
200,11,24,2025-04-07,1,341.1
201,290,3,2025-04-15,1,233.96
202,201,47,2025-05-18,3,1461.24
203,174,42,2024-11-28,1,20.0
204,88,41,2024-12-21,2,206.72
205,156,42,2025-02-14,1,20.0
206,126,29,2025-03-31,1,183.19
207,159,13,2025-03-31,1,378.97
208,170,19,2025-03-04,1,320.49
209,299,45,2025-05-16,3,721.89
210,131,41,2025-03-05,1,103.36
211,189,33,2025-03-30,1,20.0
212,188,11,2025-02-26,1,118.53
213,255,34,2024-11-17,1,116.01
214,69,10,2025-04-13,1,95.99
215,223,48,2024-11-13,1,249.55
216,185,26,2025-04-24,1,123.47
217,253,42,2024-12-25,1,20.0
218,108,22,2024-11-07,1,378.89
219,108,42,2024-12-29,1,20.0
220,88,40,2024-12-03,1,234.04
221,135,16,2025-02-20,1,147.88
222,71,38,2025-03-12,1,282.59
223,196,25,2025-05-11,1,49.53
224,98,1,2024-11-17,1,69.72
225,117,43,2024-12-11,1,153.09
226,127,4,2025-03-08,1,20.0
227,175,22,2024-12-23,2,757.78
228,201,26,2025-03-24,1,123.47
229,34,35,2025-01-19,1,311.3
230,195,45,2024-12-17,2,481.26
231,295,28,2024-12-15,1,28.56
232,168,15,2025-01-31,2,293.44
233,275,47,2025-03-30,3,1461.24
234,299,44,2024-11-10,2,537.72
235,95,49,2025-02-20,2,634.9
236,175,50,2025-02-26,3,1405.74
237,57,2,2025-03-08,1,319.68
238,10,40,2025-04-27,2,468.08
239,30,26,2024-11-17,1,123.47
240,84,46,2024-11-25,3,595.74
241,68,22,2025-04-15,1,378.89
242,98,17,2025-01-01,3,1394.13
243,98,49,2025-01-03,2,634.9
244,227,2,2024-11-10,2,639.36
245,36,33,2024-12-26,1,20.0
246,245,22,2025-03-22,1,378.89
247,71,45,2024-12-13,1,240.63
248,255,48,2025-03-03,2,499.1
249,298,43,2025-04-09,1,153.09
250,122,8,2025-02-17,1,148.53
251,56,30,2024-11-17,1,96.59
252,180,43,2024-11-19,2,306.18
253,74,29,2025-03-30,1,183.19
254,274,15,2025-03-23,1,146.72
255,72,16,2024-12-28,1,147.88
256,126,11,2024-11-22,1,118.53
257,137,50,2025-04-09,1,468.58
258,157,7,2025-01-01,1,20.0
259,121,1,2025-04-24,1,69.72
260,132,24,2025-02-01,1,341.1
261,60,16,2025-03-12,1,147.88
262,160,1,2024-11-17,3,209.16
263,144,6,2025-05-17,1,398.17
264,267,42,2025-03-13,3,60.0
265,203,16,2025-02-03,1,147.88
266,172,30,2025-04-08,1,96.59
267,108,36,2025-02-20,1,179.16
268,249,3,2024-11-19,1,233.96
269,29,7,2024-11-26,3,60.0
270,243,26,2024-12-21,1,123.47
271,268,45,2025-03-16,1,240.63
272,6,36,2025-05-05,1,179.16
273,105,23,2025-05-06,1,87.7
274,79,9,2025-04-28,2,703.82
275,291,11,2025-04-09,1,118.53
276,297,42,2025-04-28,3,60.0
277,155,17,2024-11-17,1,464.71
278,229,2,2024-11-24,3,959.04
279,141,33,2024-11-20,1,20.0
280,135,27,2025-04-20,2,617.7
281,238,22,2024-12-02,1,378.89
282,65,30,2025-04-21,1,96.59
283,71,40,2025-03-18,1,234.04
284,159,35,2025-05-09,2,622.6
285,288,21,2025-03-08,1,288.48
286,295,19,2024-12-14,1,320.49
287,102,50,2024-12-28,3,1405.74
288,233,21,2024-11-19,3,865.44
289,48,31,2025-01-03,1,169.33
290,229,26,2024-12-31,1,123.47
291,200,20,2025-01-22,1,246.34
292,275,49,2025-03-17,1,317.45
293,144,43,2025-03-21,1,153.09
294,282,47,2024-11-05,1,487.08
295,271,7,2025-02-21,2,40.0
296,66,9,2025-03-03,2,703.82
297,220,9,2025-04-21,2,703.82
298,237,47,2024-12-02,3,1461.24
299,141,9,2025-01-03,1,351.91
300,44,7,2025-04-06,1,20.0
301,300,19,2025-01-26,1,320.49
302,71,21,2025-04-25,1,288.48
303,224,19,2024-11-21,1,320.49
304,127,37,2025-05-11,1,200.34
305,28,34,2025-02-09,1,116.01
306,190,28,2025-05-17,1,28.56
307,18,17,2024-12-28,1,464.71
308,151,30,2025-04-21,1,96.59
309,278,14,2025-02-25,1,123.33
310,37,14,2024-12-26,1,123.33
311,87,33,2025-04-25,1,20.0
312,154,9,2025-01-20,2,703.82
313,95,19,2024-11-21,1,320.49
314,207,23,2024-12-31,1,87.7
315,215,47,2025-02-23,1,487.08
316,82,1,2025-01-14,1,69.72
317,258,40,2024-11-02,3,702.12
318,114,29,2025-02-20,1,183.19
319,88,19,2025-01-19,1,320.49
320,154,50,2025-05-19,2,937.16
321,29,47,2024-12-31,2,974.16
322,227,15,2024-11-01,1,146.72
323,21,24,2025-01-15,2,682.2
324,73,28,2025-05-10,1,28.56
325,295,5,2024-12-20,2,261.14
326,236,11,2024-11-06,1,118.53
327,283,10,2024-12-02,1,95.99
328,75,12,2025-05-20,3,565.89
329,284,36,2025-03-17,1,179.16
330,266,1,2024-11-16,2,139.44
331,47,16,2025-02-28,1,147.88
332,246,43,2025-05-17,1,153.09
333,270,33,2025-01-31,1,20.0
334,94,45,2025-02-16,2,481.26
335,250,7,2024-11-07,1,20.0
336,132,14,2025-04-12,1,123.33
337,197,39,2025-04-11,1,94.46
338,176,48,2025-03-10,1,249.55
339,296,2,2025-03-18,3,959.04
340,94,12,2024-12-22,1,188.63
341,150,12,2025-03-08,1,188.63
342,10,26,2024-12-06,1,123.47
343,161,40,2025-03-08,1,234.04
344,276,30,2025-05-04,1,96.59
345,145,10,2024-11-29,1,95.99
346,116,38,2025-03-01,2,565.18
347,167,5,2024-12-23,1,130.57
348,191,43,2025-05-04,1,153.09
349,12,14,2025-01-16,3,369.99
350,256,43,2025-02-13,1,153.09
351,19,49,2025-05-13,3,952.35
352,245,30,2024-12-27,1,96.59
353,106,25,2024-12-01,2,99.06
354,291,36,2025-04-04,1,179.16
355,193,23,2024-11-27,1,87.7
356,98,13,2024-11-12,1,378.97
357,113,34,2025-05-19,1,116.01
358,272,48,2024-12-22,1,249.55
359,89,17,2025-02-14,3,1394.13
360,147,49,2025-04-18,1,317.45
361,96,38,2024-11-27,1,282.59
362,3,20,2025-03-24,1,246.34
363,134,28,2025-04-20,1,28.56
364,42,1,2025-01-23,1,69.72
365,201,27,2025-04-16,1,308.85
366,295,23,2025-03-26,2,175.4
367,159,30,2025-05-16,1,96.59
368,254,25,2024-12-10,1,49.53
369,93,6,2025-02-19,3,1194.51
370,45,24,2024-12-23,2,682.2
371,28,45,2024-11-02,1,240.63
372,209,12,2025-04-05,3,565.89
373,52,15,2025-01-19,3,440.16
374,188,38,2025-05-12,1,282.59
375,137,37,2024-12-12,1,200.34
376,158,35,2024-12-14,1,311.3
377,267,31,2025-03-21,1,169.33
378,21,20,2025-01-13,1,246.34
379,146,25,2024-11-08,1,49.53
380,33,35,2024-11-16,1,311.3
381,184,47,2024-11-22,1,487.08
382,133,5,2025-03-19,1,130.57
383,112,3,2025-03-17,3,701.88
384,261,45,2025-04-06,1,240.63
385,236,34,2024-11-12,1,116.01
386,66,19,2025-01-07,1,320.49
387,172,35,2025-02-15,1,311.3
388,140,40,2024-12-17,1,234.04
389,286,13,2024-12-26,2,757.94
390,296,30,2025-02-14,1,96.59
391,126,2,2024-12-14,1,319.68
392,139,27,2025-04-08,3,926.55
393,256,4,2025-01-26,2,40.0
394,146,34,2025-05-03,1,116.01
395,17,13,2025-03-04,1,378.97
396,69,41,2025-02-02,1,103.36
397,183,24,2025-01-22,1,341.1
398,282,24,2025-04-03,2,682.2
399,24,8,2025-04-13,1,148.53
400,300,12,2025-01-23,1,188.63
401,131,13,2025-03-12,3,1136.91
402,172,43,2025-05-07,1,153.09
403,128,31,2025-01-13,1,169.33
404,277,49,2025-03-24,1,317.45
405,293,15,2025-01-22,2,293.44
406,253,49,2025-04-07,3,952.35
407,179,48,2025-02-17,1,249.55
408,183,49,2025-03-07,1,317.45
409,251,4,2025-03-31,1,20.0
410,52,25,2025-03-22,2,99.06
411,72,35,2025-01-14,1,311.3
412,253,5,2025-01-10,1,130.57
413,147,8,2024-12-02,2,297.06
414,91,32,2025-01-31,1,20.0
415,74,44,2025-04-10,1,268.86
416,185,46,2024-11-18,1,198.58
417,110,23,2024-11-20,1,87.7
418,224,8,2025-04-20,2,297.06
419,222,4,2025-04-30,1,20.0
420,226,45,2024-12-15,1,240.63
421,264,16,2024-11-16,3,443.64
422,110,34,2024-12-11,1,116.01
423,92,3,2025-04-15,1,233.96
424,3,36,2024-12-11,1,179.16
425,61,16,2025-01-26,2,295.76
426,19,35,2025-05-06,1,311.3
427,121,31,2025-02-06,1,169.33
428,177,12,2025-01-22,1,188.63
429,25,9,2025-02-18,2,703.82
430,122,34,2024-12-02,1,116.01
431,140,40,2024-11-17,1,234.04
432,275,5,2024-11-05,1,130.57
433,283,47,2025-04-07,1,487.08
434,46,23,2024-12-10,1,87.7
435,225,34,2025-02-13,2,232.02
436,233,4,2024-11-14,1,20.0
437,117,5,2025-04-11,1,130.57
438,86,2,2025-02-08,3,959.04
439,97,14,2025-03-13,3,369.99
440,43,19,2025-04-03,1,320.49
441,28,26,2025-02-28,1,123.47
442,277,30,2025-03-04,3,289.77
443,160,6,2024-12-04,2,796.34
444,216,32,2025-05-10,3,60.0
445,121,8,2025-04-03,1,148.53
446,218,23,2025-03-09,2,175.4
447,104,25,2025-01-23,1,49.53
448,181,9,2025-01-30,1,351.91
449,53,41,2024-11-16,2,206.72
450,196,48,2024-11-22,1,249.55
451,239,34,2025-01-09,2,232.02
452,276,24,2025-01-21,1,341.1
453,252,37,2024-11-20,1,200.34
454,284,22,2024-11-08,1,378.89
455,95,27,2025-02-13,3,926.55
456,193,47,2025-02-24,1,487.08
457,268,19,2025-01-18,2,640.98
458,191,33,2025-03-04,2,40.0
459,116,37,2025-03-01,3,601.02
460,173,43,2025-02-05,1,153.09
461,42,18,2025-01-20,1,462.41
462,122,13,2025-05-16,1,378.97
463,39,14,2025-05-01,1,123.33
464,283,22,2025-03-28,3,1136.67
465,219,47,2024-11-10,1,487.08
466,245,49,2024-12-18,1,317.45
467,230,22,2024-11-16,1,378.89
468,2,29,2024-11-12,1,183.19
469,158,6,2025-02-10,3,1194.51
470,265,9,2025-01-23,1,351.91
471,95,18,2025-04-12,1,462.41
472,69,43,2024-11-27,1,153.09
473,78,37,2024-11-19,1,200.34
474,185,22,2025-03-13,1,378.89
475,99,40,2025-04-07,2,468.08
476,195,32,2025-01-19,1,20.0
477,109,35,2024-11-22,1,311.3
478,150,17,2024-12-06,3,1394.13
479,193,18,2025-03-29,1,462.41
480,25,7,2024-12-02,1,20.0
481,115,40,2025-02-27,1,234.04
482,28,50,2024-12-30,1,468.58
483,66,25,2025-04-16,1,49.53
484,34,21,2025-02-18,1,288.48
485,61,19,2024-11-14,2,640.98
486,6,44,2025-03-21,1,268.86
487,100,12,2025-01-27,1,188.63
488,287,18,2025-05-05,1,462.41
489,192,23,2025-03-29,1,87.7
490,174,27,2025-04-09,2,617.7
491,239,18,2025-03-13,1,462.41
492,36,2,2025-05-20,2,639.36
493,217,19,2024-11-13,1,320.49
494,103,43,2025-01-04,1,153.09
495,216,11,2025-01-26,1,118.53
496,176,25,2024-12-04,2,99.06
497,72,11,2025-04-07,1,118.53
498,175,20,2024-12-19,1,246.34
499,212,29,2025-03-16,1,183.19
500,131,36,2025-03-20,2,358.32
501,265,23,2025-01-05,1,87.7
502,188,49,2025-05-04,2,634.9
503,272,16,2024-11-14,1,147.88
504,192,44,2024-11-05,1,268.86
505,90,30,2024-11-12,1,96.59
506,77,42,2024-11-08,1,20.0
507,35,9,2024-12-23,1,351.91
508,115,46,2025-02-25,1,198.58
509,83,7,2025-05-11,2,40.0
510,119,35,2025-03-10,1,311.3
511,21,1,2025-04-04,2,139.44
512,265,9,2024-12-14,1,351.91
513,58,26,2025-04-24,1,123.47
514,114,40,2024-12-21,1,234.04
515,255,12,2024-11-10,2,377.26
516,38,31,2025-04-13,1,169.33
517,190,16,2025-04-30,1,147.88
518,48,43,2025-03-25,1,153.09
519,196,27,2025-02-02,1,308.85
520,173,40,2024-11-10,3,702.12
521,31,45,2024-11-05,1,240.63
522,260,18,2025-03-25,2,924.82
523,275,43,2025-03-04,1,153.09
524,137,3,2025-03-03,2,467.92
525,273,21,2025-04-25,2,576.96
526,196,47,2024-11-05,3,1461.24
527,162,24,2025-01-01,1,341.1
528,232,17,2025-03-22,2,929.42
529,189,9,2024-11-08,2,703.82
530,210,46,2024-11-06,1,198.58
531,90,29,2024-11-03,2,366.38
532,244,48,2025-04-16,2,499.1
533,234,41,2025-03-12,1,103.36
534,85,27,2025-04-11,1,308.85
535,202,38,2025-04-18,2,565.18
536,188,46,2025-04-07,1,198.58
537,244,35,2025-02-01,1,311.3
538,172,24,2025-05-03,1,341.1
539,151,34,2025-01-22,1,116.01
540,280,21,2025-03-14,1,288.48
541,141,49,2025-04-18,1,317.45
542,196,49,2024-12-21,1,317.45
543,289,11,2025-04-02,1,118.53
544,16,48,2024-12-18,1,249.55
545,164,7,2025-05-19,1,20.0
546,245,46,2025-01-10,1,198.58
547,42,20,2025-01-22,2,492.68
548,294,7,2025-01-07,2,40.0
549,82,49,2025-03-18,3,952.35
550,144,23,2024-11-02,2,175.4
551,244,17,2024-11-17,1,464.71
552,283,49,2025-01-30,1,317.45
553,75,27,2025-05-08,1,308.85
554,29,3,2025-05-09,1,233.96
555,214,43,2024-11-23,1,153.09
556,271,40,2025-01-09,1,234.04
557,84,42,2024-12-05,1,20.0
558,294,14,2025-01-04,1,123.33
559,244,6,2025-04-27,1,398.17
560,184,50,2024-11-05,3,1405.74
561,2,31,2025-04-09,1,169.33
562,167,32,2025-04-10,1,20.0
563,57,38,2025-02-23,1,282.59
564,111,42,2025-01-23,3,60.0
565,123,22,2024-11-18,3,1136.67
566,150,39,2025-05-09,1,94.46
567,223,27,2025-05-09,3,926.55
568,118,17,2025-04-20,2,929.42
569,91,7,2025-02-04,1,20.0
570,258,18,2025-01-10,3,1387.23
571,146,15,2025-01-21,2,293.44
572,44,9,2025-03-04,1,351.91
573,51,20,2024-12-07,1,246.34
574,29,38,2025-02-11,1,282.59
575,41,32,2024-11-25,1,20.0
576,127,31,2025-02-05,1,169.33
577,38,5,2024-12-19,1,130.57
578,291,19,2025-01-28,1,320.49
579,207,5,2025-03-21,1,130.57
580,104,25,2025-05-14,3,148.59
581,236,32,2025-03-29,1,20.0
582,253,15,2025-02-18,1,146.72
583,187,28,2025-03-03,1,28.56
584,39,48,2025-02-09,3,748.65
585,247,19,2024-12-27,1,320.49
586,65,46,2025-02-21,1,198.58
587,258,30,2025-03-13,1,96.59
588,254,20,2024-11-02,3,739.02
589,235,34,2025-04-05,3,348.03
590,264,19,2025-03-05,1,320.49
591,291,8,2025-01-25,1,148.53
592,194,5,2025-04-01,1,130.57
593,134,3,2024-11-14,2,467.92
594,13,44,2025-04-26,2,537.72
595,57,20,2025-01-02,1,246.34
596,104,35,2024-11-26,1,311.3
597,75,39,2025-03-10,1,94.46
598,28,46,2025-05-19,1,198.58
599,105,47,2025-02-27,1,487.08
600,45,30,2025-01-22,3,289.77
601,57,8,2025-02-03,2,297.06
602,226,12,2024-11-20,1,188.63
603,39,15,2025-05-04,1,146.72
604,18,48,2025-01-26,1,249.55
605,88,48,2024-11-02,2,499.1
606,138,8,2024-12-20,2,297.06
607,161,5,2025-01-15,1,130.57
608,255,6,2024-11-28,3,1194.51
609,111,43,2025-04-04,1,153.09
610,172,49,2025-05-11,1,317.45
611,203,30,2025-04-06,1,96.59
612,224,13,2024-11-22,3,1136.91
613,152,8,2024-12-31,1,148.53
614,117,19,2024-11-20,1,320.49
615,72,41,2024-11-11,1,103.36
616,217,25,2025-04-27,2,99.06
617,218,10,2025-02-20,1,95.99
618,148,24,2025-02-11,1,341.1
619,174,38,2024-12-23,3,847.77
620,253,12,2025-02-26,1,188.63
621,133,25,2025-05-15,1,49.53
622,161,22,2024-11-15,1,378.89
623,201,24,2025-04-21,2,682.2
624,140,17,2025-02-10,1,464.71
625,261,11,2025-01-02,2,237.06
626,60,25,2024-11-12,1,49.53
627,71,35,2025-01-03,2,622.6
628,87,31,2025-01-27,1,169.33
629,117,31,2025-01-27,1,169.33
630,135,32,2025-01-11,1,20.0
631,116,50,2025-02-23,1,468.58
632,173,31,2025-03-30,3,507.99
633,54,18,2025-04-07,3,1387.23
634,62,43,2025-03-27,1,153.09
635,116,34,2025-04-02,1,116.01
636,121,4,2025-03-29,1,20.0
637,93,15,2024-12-29,1,146.72
638,216,5,2025-05-06,1,130.57
639,247,1,2025-03-26,1,69.72
640,277,35,2025-02-24,2,622.6
641,168,9,2025-04-20,1,351.91
642,132,35,2024-11-13,2,622.6
643,169,23,2025-01-02,3,263.1
644,166,46,2024-11-01,1,198.58
645,212,17,2025-04-11,1,464.71
646,142,24,2024-12-26,2,682.2
647,255,3,2025-03-28,3,701.88
648,143,40,2025-04-27,1,234.04
649,74,10,2025-01-05,2,191.98
650,61,8,2025-02-17,1,148.53
651,248,45,2025-03-16,2,481.26
652,282,48,2025-01-20,1,249.55
653,85,42,2025-01-02,2,40.0
654,289,15,2025-04-13,3,440.16
655,243,39,2025-05-15,1,94.46
656,8,38,2025-04-15,1,282.59
657,7,44,2025-04-12,1,268.86
658,112,38,2025-02-18,1,282.59
659,233,23,2024-11-08,1,87.7
660,79,29,2024-11-20,1,183.19
661,153,9,2025-03-24,2,703.82
662,281,49,2025-01-23,1,317.45
663,211,46,2025-05-19,1,198.58
664,126,27,2025-04-24,1,308.85
665,74,16,2025-01-09,1,147.88
666,54,1,2025-01-22,1,69.72
667,272,5,2024-11-16,1,130.57
668,243,17,2025-04-05,2,929.42
669,8,47,2024-11-17,2,974.16
670,45,42,2024-12-15,1,20.0
671,204,48,2024-12-12,1,249.55
672,205,18,2025-04-06,2,924.82
673,96,35,2025-02-01,1,311.3
674,31,21,2025-05-03,3,865.44
675,276,19,2024-11-03,1,320.49
676,72,24,2024-11-04,1,341.1
677,220,15,2025-01-14,1,146.72
678,67,5,2025-02-07,1,130.57
679,182,14,2025-04-01,1,123.33
680,71,14,2025-05-01,1,123.33
681,265,40,2025-02-07,1,234.04
682,284,3,2025-05-05,2,467.92
683,291,50,2025-01-26,2,937.16
684,23,28,2024-12-01,1,28.56
685,251,49,2024-11-03,1,317.45
686,114,44,2025-02-08,1,268.86
687,284,15,2024-11-25,2,293.44
688,144,29,2025-01-11,1,183.19
689,94,38,2025-01-04,1,282.59
690,167,41,2025-01-10,1,103.36
691,83,39,2025-01-06,2,188.92
692,119,49,2024-11-06,1,317.45
693,238,7,2025-05-01,2,40.0
694,105,31,2024-11-25,3,507.99
695,15,41,2025-05-19,3,310.08
696,158,34,2025-01-25,2,232.02
697,221,13,2024-12-18,1,378.97
698,287,3,2025-04-13,1,233.96
699,69,15,2025-03-06,1,146.72
700,81,2,2025-03-12,1,319.68
701,67,14,2024-12-28,1,123.33
702,67,38,2025-01-24,2,565.18
703,121,16,2025-04-08,1,147.88
704,39,46,2025-03-11,2,397.16
705,149,4,2024-11-09,1,20.0
706,111,31,2025-04-28,2,338.66
707,58,39,2025-01-14,1,94.46
708,15,49,2024-12-09,1,317.45
709,136,11,2024-12-28,1,118.53
710,230,27,2025-03-04,3,926.55
711,110,35,2025-04-25,2,622.6
712,50,2,2025-03-04,1,319.68
713,190,50,2025-03-29,1,468.58
714,197,7,2024-11-12,3,60.0
715,130,46,2025-03-12,1,198.58
716,264,46,2024-11-02,1,198.58
717,210,49,2024-12-17,3,952.35
718,120,16,2025-03-29,1,147.88
719,80,8,2025-03-09,1,148.53
720,77,27,2025-04-01,2,617.7
721,151,23,2024-11-20,2,175.4
722,62,37,2025-01-26,1,200.34
723,233,7,2024-12-25,1,20.0
724,148,21,2024-12-13,1,288.48
725,68,38,2024-12-01,3,847.77
726,292,43,2025-05-19,2,306.18
727,146,29,2025-05-09,2,366.38
728,106,28,2025-03-16,1,28.56
729,12,6,2025-02-22,1,398.17
730,67,47,2024-12-07,1,487.08
731,279,26,2025-03-04,1,123.47
732,35,30,2024-11-06,3,289.77
733,231,4,2024-12-27,3,60.0
734,64,26,2024-11-15,2,246.94
735,288,47,2025-01-07,1,487.08
736,35,16,2025-03-10,1,147.88
737,88,10,2025-05-03,1,95.99
738,243,9,2025-03-25,1,351.91
739,267,40,2025-04-17,1,234.04
740,210,14,2024-12-05,1,123.33
741,115,21,2025-04-21,1,288.48
742,122,27,2025-03-11,1,308.85
743,153,38,2025-03-27,1,282.59
744,71,2,2024-12-15,1,319.68
745,49,14,2024-12-25,1,123.33
746,78,6,2024-11-20,1,398.17
747,27,29,2025-04-10,1,183.19
748,85,33,2024-11-25,1,20.0
749,210,14,2025-04-07,1,123.33
750,253,13,2025-05-20,2,757.94
751,276,27,2025-05-04,3,926.55
752,32,4,2024-11-08,1,20.0
753,39,24,2025-01-31,1,341.1
754,255,9,2024-12-11,3,1055.73
755,94,25,2024-11-14,1,49.53
756,280,21,2024-12-19,1,288.48
757,285,10,2025-02-22,1,95.99
758,208,23,2025-05-15,1,87.7
759,192,48,2025-04-02,1,249.55
760,7,7,2025-03-13,3,60.0
761,258,33,2025-03-21,1,20.0
762,279,16,2025-02-05,1,147.88
763,153,20,2024-12-08,1,246.34
764,203,22,2024-11-15,1,378.89
765,109,20,2025-04-13,2,492.68
766,154,20,2025-01-23,1,246.34
767,281,31,2024-11-02,1,169.33
768,18,3,2025-03-26,1,233.96
769,26,42,2024-11-28,2,40.0
770,196,34,2025-02-03,3,348.03
771,43,38,2024-12-06,1,282.59
772,266,5,2024-12-08,1,130.57
773,171,23,2024-11-13,1,87.7
774,146,14,2025-03-01,2,246.66
775,115,38,2025-01-15,1,282.59
776,225,1,2025-04-22,3,209.16
777,235,31,2025-03-07,1,169.33
778,109,5,2024-12-07,3,391.71
779,206,7,2025-04-09,1,20.0
780,292,10,2025-05-13,1,95.99
781,139,23,2024-11-24,1,87.7
782,271,44,2025-02-14,1,268.86
783,143,27,2024-12-02,1,308.85
784,140,33,2025-02-12,1,20.0
785,95,10,2025-03-02,3,287.97
786,217,33,2025-04-22,1,20.0
787,48,3,2025-01-18,2,467.92
788,215,25,2025-03-06,1,49.53
789,196,39,2025-01-21,1,94.46
790,236,21,2025-02-12,1,288.48
791,86,34,2024-12-30,3,348.03
792,101,2,2024-11-16,1,319.68
793,32,21,2024-12-22,1,288.48
794,27,50,2025-02-11,1,468.58
795,245,23,2025-02-14,1,87.7
796,187,18,2025-02-11,1,462.41
797,269,35,2025-01-18,1,311.3
798,3,39,2024-12-31,2,188.92
799,77,49,2025-04-09,2,634.9
800,86,9,2025-03-27,1,351.91
801,230,36,2024-11-02,3,537.48
802,17,10,2025-01-17,1,95.99
803,276,26,2025-04-17,1,123.47
804,160,6,2024-11-04,1,398.17
805,122,36,2025-03-09,1,179.16
806,191,29,2024-12-01,2,366.38
807,278,50,2025-04-06,1,468.58
808,212,27,2025-01-09,3,926.55
809,263,41,2025-03-13,2,206.72
810,44,3,2025-04-10,2,467.92
811,187,46,2024-12-21,1,198.58
812,254,4,2025-03-11,1,20.0
813,191,2,2025-01-11,1,319.68
814,36,27,2024-12-06,1,308.85
815,48,50,2025-02-17,2,937.16
816,175,7,2024-12-03,1,20.0
817,229,50,2025-01-10,1,468.58
818,225,1,2025-01-17,1,69.72
819,236,20,2025-03-07,1,246.34
820,39,1,2025-04-24,1,69.72
821,265,44,2024-12-14,1,268.86
822,55,2,2024-12-27,1,319.68
823,186,6,2025-01-18,1,398.17
824,206,15,2024-12-26,1,146.72
825,204,7,2024-12-01,1,20.0
826,227,21,2024-11-29,2,576.96
827,220,13,2025-02-22,2,757.94
828,104,11,2025-03-10,2,237.06
829,83,10,2025-04-05,1,95.99
830,51,25,2024-11-06,1,49.53
831,286,45,2025-05-16,1,240.63
832,120,6,2025-05-17,2,796.34
833,133,3,2024-11-30,3,701.88
834,65,41,2025-01-14,1,103.36
835,112,15,2025-01-18,1,146.72
836,278,20,2025-03-20,2,492.68
837,151,1,2025-04-19,1,69.72
838,83,33,2025-03-23,1,20.0
839,186,15,2025-04-05,1,146.72
840,108,18,2025-02-15,1,462.41
841,20,30,2025-03-18,1,96.59
842,159,44,2025-03-23,1,268.86
843,34,44,2025-04-26,1,268.86
844,11,38,2025-01-25,2,565.18
845,129,25,2025-04-29,1,49.53
846,11,5,2024-12-01,1,130.57
847,145,28,2025-05-02,2,57.12
848,42,12,2025-04-22,1,188.63
849,196,12,2025-04-08,1,188.63
850,15,2,2024-11-14,1,319.68
851,254,8,2025-01-09,3,445.59
852,138,2,2025-02-26,1,319.68
853,10,31,2025-02-22,2,338.66
854,208,25,2024-11-04,3,148.59
855,220,43,2024-12-20,1,153.09
856,47,28,2025-01-12,2,57.12
857,79,33,2025-01-21,1,20.0
858,167,47,2024-12-31,1,487.08
859,167,22,2025-01-16,2,757.78
860,75,26,2025-04-29,1,123.47
861,170,9,2024-11-12,2,703.82
862,37,2,2025-02-14,1,319.68
863,118,37,2025-04-04,2,400.68
864,8,35,2025-04-27,2,622.6
865,51,26,2024-11-07,1,123.47
866,211,11,2025-03-17,1,118.53
867,199,4,2025-03-01,1,20.0
868,59,46,2025-05-10,1,198.58
869,113,48,2025-05-04,1,249.55
870,11,8,2025-02-05,1,148.53
871,8,15,2025-01-01,1,146.72
872,136,26,2025-04-15,1,123.47
873,136,22,2025-02-28,1,378.89
874,280,45,2025-04-23,1,240.63
875,115,34,2025-02-11,3,348.03
876,216,27,2025-02-05,1,308.85
877,237,43,2025-04-03,1,153.09
878,231,1,2024-12-11,1,69.72
879,199,12,2025-04-21,1,188.63
880,13,18,2025-02-25,1,462.41
881,52,38,2025-01-05,1,282.59
882,138,38,2025-03-30,1,282.59
883,14,3,2025-04-24,2,467.92
884,105,8,2025-04-12,1,148.53
885,114,41,2024-11-27,1,103.36
886,166,23,2024-12-19,1,87.7
887,127,32,2025-01-06,2,40.0
888,48,32,2025-01-02,2,40.0
889,213,50,2025-03-25,2,937.16
890,56,32,2024-12-14,1,20.0
891,128,12,2024-11-10,1,188.63
892,127,43,2025-04-16,2,306.18
893,98,27,2025-04-09,1,308.85
894,211,39,2025-03-25,2,188.92
895,239,43,2024-11-23,1,153.09
896,99,39,2025-03-28,1,94.46
897,196,36,2025-01-08,1,179.16
898,253,4,2025-02-02,1,20.0
899,273,32,2025-05-14,2,40.0
900,88,19,2025-02-28,1,320.49
901,164,10,2024-12-03,3,287.97
902,297,1,2025-03-04,1,69.72
903,151,30,2025-01-08,1,96.59
904,146,30,2025-02-26,1,96.59
905,21,3,2024-12-30,1,233.96
906,279,5,2024-12-21,1,130.57
907,138,12,2025-05-01,1,188.63
908,185,27,2025-04-21,2,617.7
909,152,10,2025-03-20,1,95.99
910,1,21,2025-05-02,1,288.48
911,158,34,2025-02-01,1,116.01
912,73,4,2025-01-25,1,20.0
913,212,20,2025-05-08,1,246.34
914,239,18,2025-03-08,1,462.41
915,51,12,2025-04-22,1,188.63
916,144,44,2024-12-03,1,268.86
917,71,5,2025-02-01,1,130.57
918,139,22,2024-12-16,1,378.89
919,95,3,2025-02-08,1,233.96
920,210,21,2024-11-23,1,288.48
921,109,50,2024-12-22,1,468.58
922,103,24,2025-01-14,1,341.1
923,75,14,2024-11-21,1,123.33
924,258,7,2024-12-05,1,20.0
925,91,25,2024-11-23,1,49.53
926,249,45,2024-12-13,2,481.26
927,230,6,2025-03-29,1,398.17
928,218,49,2025-01-13,1,317.45
929,31,45,2025-04-02,1,240.63
930,229,3,2025-03-23,1,233.96
931,256,13,2025-05-14,1,378.97
932,152,17,2025-01-05,1,464.71
933,300,49,2025-03-23,1,317.45
934,103,31,2025-01-19,1,169.33
935,38,11,2025-02-27,3,355.59
936,105,39,2025-04-18,1,94.46
937,230,23,2024-12-10,1,87.7
938,165,25,2025-01-10,1,49.53
939,189,12,2025-03-19,1,188.63
940,157,27,2024-11-19,1,308.85
941,239,19,2024-11-27,1,320.49
942,145,22,2024-11-19,1,378.89
943,93,20,2024-11-12,1,246.34
944,146,27,2025-04-15,1,308.85
945,121,44,2025-03-29,1,268.86
946,162,50,2025-03-13,1,468.58
947,58,10,2025-03-15,1,95.99
948,116,12,2025-04-26,1,188.63
949,33,8,2025-05-05,1,148.53
950,194,48,2025-04-09,1,249.55
951,108,27,2024-12-13,1,308.85
952,60,3,2025-02-18,1,233.96
953,91,39,2024-12-15,1,94.46
954,175,47,2024-12-01,1,487.08
955,196,30,2024-11-26,1,96.59
956,204,42,2024-11-17,1,20.0
957,215,19,2025-04-03,1,320.49
958,236,19,2025-01-05,1,320.49
959,249,13,2025-03-01,1,378.97
960,182,1,2025-03-19,2,139.44
961,21,35,2025-05-11,1,311.3
962,283,45,2024-11-30,3,721.89
963,159,2,2024-11-05,2,639.36
964,273,41,2024-12-15,1,103.36
965,117,19,2025-03-27,1,320.49
966,285,23,2025-04-07,1,87.7
967,297,30,2024-11-10,1,96.59
968,289,42,2025-03-29,2,40.0
969,139,45,2025-03-08,1,240.63
970,218,1,2025-03-10,1,69.72
971,230,46,2025-01-12,1,198.58
972,108,38,2025-02-22,2,565.18
973,39,36,2024-11-04,1,179.16
974,233,32,2025-01-24,1,20.0
975,31,13,2025-04-02,1,378.97
976,39,13,2025-03-06,3,1136.91
977,7,3,2025-01-26,1,233.96
978,162,24,2025-02-26,1,341.1
979,282,45,2025-01-11,1,240.63
980,113,47,2025-04-06,1,487.08
981,130,50,2024-12-25,1,468.58
982,195,38,2025-05-14,1,282.59
983,238,44,2025-04-23,1,268.86
984,47,13,2024-12-08,1,378.97
985,261,22,2025-05-08,3,1136.67
986,200,48,2024-11-19,1,249.55
987,198,49,2025-04-18,1,317.45
988,297,22,2025-01-08,1,378.89
989,121,12,2025-05-05,1,188.63
990,158,25,2025-05-10,1,49.53
991,269,12,2025-03-03,1,188.63
992,26,48,2025-02-01,1,249.55
993,271,31,2025-02-26,3,507.99
994,7,46,2025-04-27,2,397.16
995,220,4,2024-11-04,1,20.0
996,254,28,2024-11-19,1,28.56
997,127,2,2025-01-12,1,319.68
998,60,14,2025-02-14,1,123.33
999,19,4,2024-11-22,2,40.0
1000,105,21,2025-04-20,1,288.48
1001,39,34,2024-11-14,2,232.02
1002,246,43,2025-03-25,1,153.09
1003,155,14,2025-01-26,1,123.33
1004,233,34,2025-02-05,1,116.01
1005,59,36,2025-05-18,1,179.16
1006,123,24,2025-04-21,1,341.1
1007,289,44,2025-03-27,1,268.86
1008,260,1,2025-05-13,3,209.16
1009,9,42,2025-05-16,1,20.0
1010,93,29,2024-12-25,2,366.38
1011,94,36,2024-12-13,1,179.16
1012,38,23,2024-11-02,1,87.7
1013,293,18,2024-12-22,3,1387.23
1014,2,10,2025-01-14,1,95.99
1015,13,46,2025-03-07,2,397.16
1016,132,4,2024-12-24,1,20.0
1017,287,2,2025-02-23,1,319.68
1018,176,41,2024-11-17,1,103.36
1019,53,49,2025-02-16,1,317.45
1020,6,42,2025-03-07,3,60.0
1021,274,18,2025-04-23,1,462.41
1022,34,8,2024-12-21,3,445.59
1023,54,22,2025-03-19,2,757.78
1024,150,47,2025-03-31,1,487.08
1025,99,42,2025-04-28,3,60.0
1026,283,15,2024-12-26,2,293.44
1027,107,19,2024-11-27,1,320.49
1028,50,15,2025-03-18,1,146.72
1029,104,35,2025-03-02,1,311.3
1030,222,37,2025-05-15,1,200.34
1031,53,3,2025-04-03,1,233.96
1032,259,13,2025-03-19,1,378.97
1033,7,11,2025-02-21,1,118.53
1034,272,1,2025-05-02,3,209.16
1035,193,16,2025-02-22,1,147.88
1036,34,7,2025-05-03,1,20.0
1037,255,29,2025-03-28,1,183.19
1038,275,12,2024-12-03,1,188.63
1039,195,23,2025-01-30,1,87.7
1040,10,19,2025-05-09,1,320.49
1041,173,17,2024-11-26,1,464.71
1042,288,8,2025-03-06,1,148.53
1043,254,8,2025-04-14,1,148.53
1044,243,40,2025-03-21,1,234.04
1045,7,6,2025-01-24,1,398.17
1046,143,23,2025-03-08,1,87.7
1047,219,32,2024-12-24,1,20.0
1048,95,21,2024-12-14,1,288.48
1049,228,7,2024-12-14,1,20.0
1050,151,16,2025-05-12,1,147.88
1051,81,16,2025-04-09,1,147.88
1052,232,14,2025-02-16,1,123.33
1053,158,8,2025-01-05,1,148.53
1054,112,17,2025-01-05,1,464.71
1055,240,35,2024-12-11,1,311.3
1056,32,37,2025-02-23,2,400.68
1057,82,20,2025-05-15,2,492.68
1058,260,22,2025-01-10,3,1136.67
1059,214,10,2024-12-05,1,95.99
1060,238,48,2025-02-17,1,249.55
1061,87,20,2025-04-13,1,246.34
1062,288,24,2025-05-08,2,682.2
1063,13,25,2025-05-11,2,99.06
1064,252,47,2025-03-29,1,487.08
1065,289,6,2025-05-18,1,398.17
1066,276,17,2024-11-10,1,464.71
1067,151,47,2024-12-18,2,974.16
1068,231,10,2025-04-25,1,95.99
1069,30,9,2025-01-27,1,351.91
1070,61,9,2025-04-02,1,351.91
1071,134,10,2025-03-01,2,191.98
1072,77,48,2024-12-01,2,499.1
1073,187,40,2025-03-18,1,234.04
1074,236,34,2025-04-03,1,116.01
1075,254,21,2024-11-24,1,288.48
1076,23,1,2025-02-04,1,69.72
1077,94,32,2025-05-11,1,20.0
1078,228,39,2025-04-08,1,94.46
1079,235,2,2024-11-26,1,319.68
1080,193,16,2025-03-08,2,295.76
1081,168,28,2025-03-10,1,28.56
1082,299,2,2025-02-18,1,319.68
1083,252,40,2025-01-17,3,702.12
1084,272,21,2025-05-03,1,288.48
1085,238,27,2024-11-17,3,926.55
1086,284,21,2025-01-17,2,576.96
1087,227,12,2025-03-16,1,188.63
1088,73,7,2025-03-15,2,40.0
1089,276,19,2025-01-09,3,961.47
1090,182,48,2025-04-05,1,249.55
1091,164,27,2025-04-27,1,308.85
1092,40,31,2025-03-21,3,507.99
1093,177,2,2025-03-06,1,319.68
1094,91,20,2025-02-21,2,492.68
1095,200,7,2025-04-04,1,20.0
1096,225,5,2025-01-31,3,391.71
1097,23,13,2025-05-16,1,378.97
1098,284,29,2025-02-11,1,183.19
1099,215,25,2024-11-07,1,49.53
1100,278,33,2024-12-03,2,40.0
1101,55,50,2024-12-07,1,468.58
1102,81,39,2025-02-08,3,283.38
1103,239,31,2025-02-23,1,169.33
1104,252,27,2025-03-01,2,617.7
1105,277,42,2024-11-25,1,20.0
1106,28,19,2025-03-24,2,640.98
1107,274,16,2024-12-31,2,295.76
1108,112,21,2025-02-21,2,576.96
1109,197,17,2025-03-19,1,464.71
1110,147,42,2025-02-26,2,40.0
1111,7,45,2025-04-29,1,240.63
1112,192,44,2025-02-23,1,268.86
1113,43,3,2025-01-19,1,233.96
1114,208,33,2025-04-18,1,20.0
1115,194,28,2024-11-12,1,28.56
1116,120,37,2025-01-23,1,200.34
1117,31,25,2025-03-26,1,49.53
1118,292,22,2025-03-20,1,378.89
1119,214,40,2025-01-06,1,234.04
1120,113,49,2025-04-16,1,317.45
1121,145,11,2024-12-12,1,118.53
1122,284,2,2024-12-04,1,319.68
1123,156,5,2025-05-04,2,261.14
1124,102,9,2024-11-08,3,1055.73
1125,206,18,2025-04-08,1,462.41
1126,65,18,2024-12-31,1,462.41
1127,55,10,2025-02-07,1,95.99
1128,224,46,2025-01-03,1,198.58
1129,42,47,2024-12-09,1,487.08
1130,133,34,2025-03-25,1,116.01
1131,132,38,2025-04-14,1,282.59
1132,43,45,2024-11-03,1,240.63
1133,214,38,2025-01-08,1,282.59
1134,209,41,2024-11-20,1,103.36
1135,32,10,2024-11-23,2,191.98
1136,56,44,2025-01-01,1,268.86
1137,252,47,2025-01-13,2,974.16
1138,292,16,2024-12-06,2,295.76
1139,131,6,2024-12-10,1,398.17
1140,91,46,2024-11-10,3,595.74
1141,94,47,2025-01-30,1,487.08
1142,48,8,2025-05-15,2,297.06
1143,51,34,2025-05-15,1,116.01
1144,69,48,2025-02-04,2,499.1
1145,81,35,2025-04-10,3,933.9
1146,85,23,2024-11-06,1,87.7
1147,281,25,2025-04-10,2,99.06
1148,170,39,2025-02-14,1,94.46
1149,72,14,2024-11-29,3,369.99
1150,114,29,2025-04-30,1,183.19
1151,74,28,2025-02-03,1,28.56
1152,51,29,2025-02-28,1,183.19
1153,54,43,2024-12-23,2,306.18
1154,100,10,2024-11-12,1,95.99
1155,197,36,2025-04-21,2,358.32
1156,224,16,2025-02-17,3,443.64
1157,195,46,2025-01-02,1,198.58
1158,198,30,2025-02-11,3,289.77
1159,218,45,2025-01-03,1,240.63
1160,79,13,2024-12-24,1,378.97
1161,185,50,2024-11-03,3,1405.74
1162,56,42,2025-01-30,2,40.0
1163,34,50,2024-11-07,1,468.58
1164,222,24,2024-12-17,1,341.1
1165,118,30,2025-04-27,2,193.18
1166,216,36,2024-12-23,2,358.32
1167,282,33,2025-03-23,2,40.0
1168,262,39,2024-11-26,1,94.46
1169,238,31,2025-01-08,1,169.33
1170,50,1,2025-01-29,1,69.72
1171,136,46,2025-05-20,1,198.58
1172,133,37,2024-12-28,1,200.34
1173,76,39,2024-11-05,2,188.92
1174,158,24,2025-01-18,2,682.2
1175,51,34,2024-11-07,2,232.02
1176,115,24,2025-02-18,2,682.2
1177,297,35,2025-05-20,2,622.6
1178,171,21,2025-05-17,1,288.48
1179,41,49,2025-03-16,2,634.9
1180,288,29,2025-02-13,3,549.57
1181,174,35,2025-04-21,3,933.9
1182,17,45,2024-12-25,3,721.89
1183,53,33,2025-03-27,1,20.0
1184,126,10,2024-12-01,1,95.99
1185,42,5,2025-01-18,1,130.57
1186,195,39,2025-05-04,1,94.46
1187,219,2,2025-01-12,2,639.36
1188,134,24,2025-04-16,2,682.2
1189,298,7,2024-12-20,1,20.0
1190,202,13,2024-12-18,1,378.97
1191,192,28,2025-03-23,1,28.56
1192,247,29,2025-03-12,1,183.19
1193,176,33,2025-03-01,2,40.0
1194,201,29,2025-02-01,2,366.38
1195,207,46,2025-02-17,1,198.58
1196,150,34,2025-01-22,1,116.01
1197,187,19,2025-03-13,1,320.49
1198,109,30,2024-12-03,1,96.59
1199,11,9,2024-12-26,1,351.91
1200,247,15,2025-03-19,1,146.72
1201,190,41,2025-01-05,1,103.36
1202,67,28,2025-04-20,1,28.56
1203,51,21,2024-11-25,1,288.48
1204,225,44,2025-04-30,1,268.86
1205,288,19,2025-02-08,3,961.47
1206,158,49,2025-02-20,1,317.45
1207,19,50,2025-01-14,2,937.16
1208,254,14,2024-12-04,1,123.33
1209,135,50,2025-04-27,1,468.58
1210,100,43,2025-03-30,1,153.09
1211,174,21,2025-03-01,1,288.48
1212,178,22,2024-12-04,1,378.89
1213,295,8,2024-11-21,3,445.59
1214,109,3,2025-05-12,1,233.96
1215,293,7,2024-12-19,1,20.0
1216,25,43,2024-11-27,3,459.27
1217,150,31,2024-11-16,1,169.33
1218,40,45,2024-11-04,2,481.26
1219,124,47,2025-02-03,1,487.08
1220,70,29,2025-04-13,1,183.19
1221,65,26,2025-04-29,2,246.94
1222,33,3,2025-05-10,3,701.88
1223,38,1,2025-03-21,2,139.44
1224,229,22,2025-05-19,2,757.78
1225,146,37,2024-11-26,2,400.68
1226,167,20,2025-05-05,3,739.02
1227,170,22,2025-03-22,1,378.89
1228,256,46,2025-04-20,1,198.58
1229,87,19,2025-04-22,1,320.49
1230,246,47,2025-05-05,1,487.08
1231,47,48,2024-11-07,1,249.55
1232,277,49,2025-01-04,1,317.45
1233,287,20,2025-03-02,2,492.68
1234,29,12,2025-05-05,1,188.63
1235,3,17,2024-11-26,1,464.71
1236,284,25,2024-12-01,1,49.53
1237,283,46,2025-02-08,2,397.16
1238,112,35,2024-12-27,2,622.6
1239,65,39,2025-03-15,3,283.38
1240,149,30,2024-11-27,1,96.59
1241,92,37,2025-04-06,1,200.34
1242,223,3,2025-02-10,1,233.96
1243,279,31,2025-02-05,2,338.66
1244,145,38,2025-05-19,1,282.59
1245,229,48,2025-02-23,1,249.55
1246,8,34,2025-03-28,2,232.02
1247,147,9,2024-11-07,1,351.91
1248,35,46,2025-04-30,1,198.58
1249,113,33,2025-02-18,2,40.0
1250,127,17,2025-02-19,1,464.71
1251,119,4,2024-12-12,1,20.0
1252,124,30,2025-04-01,1,96.59
1253,132,26,2025-02-28,2,246.94
1254,144,30,2025-02-08,3,289.77
1255,22,14,2025-03-13,1,123.33
1256,179,18,2025-04-13,1,462.41
1257,293,38,2025-04-13,1,282.59
1258,207,12,2024-12-26,1,188.63
1259,149,13,2024-11-18,1,378.97
1260,275,39,2024-11-06,1,94.46
1261,225,49,2025-01-24,2,634.9
1262,29,12,2025-04-04,2,377.26
1263,27,1,2025-05-11,2,139.44
1264,65,16,2025-03-17,1,147.88
1265,235,21,2025-01-09,1,288.48
1266,137,26,2025-05-03,3,370.41
1267,91,46,2025-01-22,1,198.58
1268,26,12,2024-11-26,1,188.63
1269,80,29,2024-12-16,1,183.19
1270,270,1,2025-02-17,1,69.72
1271,210,50,2025-01-26,1,468.58
1272,150,10,2025-03-22,1,95.99
1273,5,1,2024-11-15,1,69.72
1274,190,12,2025-01-25,1,188.63
1275,215,14,2025-03-10,3,369.99
1276,235,5,2025-02-19,1,130.57
1277,160,5,2025-02-18,1,130.57
1278,84,34,2025-02-01,2,232.02
1279,84,3,2025-02-06,2,467.92
1280,260,44,2025-02-09,1,268.86
1281,38,5,2024-12-28,2,261.14
1282,230,49,2025-02-23,1,317.45
1283,1,20,2025-05-02,1,246.34
1284,106,40,2025-04-29,1,234.04
1285,163,24,2025-01-26,1,341.1
1286,282,29,2024-12-18,2,366.38
1287,99,25,2025-01-07,1,49.53
1288,121,30,2024-12-04,1,96.59
1289,182,2,2025-03-27,1,319.68
1290,155,13,2025-04-14,1,378.97
1291,287,12,2025-05-10,1,188.63
1292,139,34,2025-01-17,2,232.02
1293,54,23,2025-01-27,3,263.1
1294,89,26,2025-05-05,1,123.47
1295,51,50,2024-12-11,1,468.58
1296,121,23,2024-11-13,1,87.7
1297,257,35,2025-01-14,3,933.9
1298,40,19,2024-11-29,2,640.98
1299,144,7,2025-02-05,2,40.0
1300,162,15,2025-04-17,2,293.44
1301,31,4,2025-01-18,3,60.0
1302,61,7,2024-12-29,2,40.0
1303,254,33,2025-03-01,1,20.0
1304,105,32,2025-01-08,1,20.0
1305,225,44,2025-05-10,1,268.86
1306,130,1,2024-12-15,1,69.72
1307,44,46,2025-05-10,1,198.58
1308,88,5,2025-01-26,3,391.71
1309,250,22,2025-01-28,3,1136.67
1310,276,1,2024-11-11,1,69.72
1311,214,15,2025-01-06,1,146.72
1312,215,40,2024-11-06,2,468.08
1313,103,38,2024-11-01,1,282.59
1314,133,14,2025-04-18,1,123.33
1315,67,44,2024-12-02,1,268.86
1316,84,2,2025-02-08,1,319.68
1317,131,23,2024-12-31,3,263.1
1318,295,50,2024-12-26,1,468.58
1319,176,32,2025-03-22,2,40.0
1320,56,1,2025-02-12,3,209.16
1321,1,23,2025-03-22,2,175.4
1322,191,10,2025-05-13,1,95.99
1323,121,49,2025-04-29,1,317.45
1324,155,44,2024-12-19,1,268.86
1325,181,35,2024-12-17,2,622.6
1326,121,4,2025-02-09,1,20.0
1327,7,31,2025-04-22,3,507.99
1328,140,36,2025-04-14,1,179.16
1329,251,8,2025-03-07,1,148.53
1330,201,38,2024-12-28,1,282.59
1331,102,5,2025-04-01,1,130.57
1332,231,8,2024-11-26,1,148.53
1333,47,18,2025-01-21,1,462.41
1334,169,17,2025-04-07,1,464.71
1335,20,32,2024-11-24,1,20.0
1336,81,10,2024-11-21,2,191.98
1337,30,40,2025-01-27,1,234.04
1338,202,50,2025-02-24,3,1405.74
1339,162,6,2025-04-18,3,1194.51
1340,214,50,2025-02-04,1,468.58
1341,178,18,2024-12-08,2,924.82
1342,4,44,2024-12-26,1,268.86
1343,241,35,2025-01-15,1,311.3
1344,134,17,2025-02-09,3,1394.13
1345,122,27,2024-11-20,2,617.7
1346,23,24,2025-04-30,2,682.2
1347,13,15,2025-01-18,3,440.16
1348,256,6,2025-04-09,3,1194.51
1349,69,22,2024-12-11,1,378.89
1350,56,2,2025-04-27,3,959.04
1351,78,36,2025-05-06,1,179.16
1352,8,5,2025-04-30,2,261.14
1353,147,2,2025-02-11,1,319.68
1354,111,26,2024-12-29,2,246.94
1355,92,8,2025-01-11,1,148.53
1356,257,3,2024-12-11,2,467.92
1357,145,8,2025-03-08,2,297.06
1358,11,16,2025-03-14,1,147.88
1359,80,3,2024-11-18,3,701.88
1360,34,42,2025-02-10,2,40.0
1361,148,49,2025-04-17,1,317.45
1362,145,13,2025-02-26,2,757.94
1363,297,38,2025-01-27,1,282.59
1364,75,10,2025-05-06,1,95.99
1365,191,21,2025-04-22,1,288.48
1366,95,33,2025-01-01,1,20.0
1367,116,49,2025-04-14,2,634.9
1368,65,30,2025-05-12,1,96.59
1369,72,23,2024-11-18,1,87.7
1370,171,2,2025-05-07,2,639.36
1371,134,41,2025-03-06,2,206.72
1372,13,25,2025-01-04,1,49.53
1373,95,14,2024-11-17,2,246.66
1374,205,23,2024-12-24,2,175.4
1375,189,41,2024-12-04,1,103.36
1376,291,24,2024-12-10,1,341.1
1377,161,20,2025-05-18,1,246.34
1378,89,49,2025-03-23,2,634.9
1379,125,49,2025-01-16,1,317.45
1380,205,24,2025-03-04,1,341.1
1381,146,10,2025-02-21,1,95.99
1382,176,26,2024-12-14,3,370.41
1383,17,5,2025-04-30,1,130.57
1384,147,18,2025-03-23,2,924.82
1385,91,35,2025-01-09,1,311.3
1386,277,30,2025-05-18,2,193.18
1387,4,14,2025-05-02,1,123.33
1388,242,9,2024-11-15,1,351.91
1389,228,21,2025-04-20,1,288.48
1390,162,25,2024-12-01,1,49.53
1391,297,26,2025-05-04,1,123.47
1392,97,27,2024-11-25,1,308.85
1393,184,5,2025-04-18,2,261.14
1394,79,33,2025-01-02,1,20.0
1395,55,34,2024-11-14,1,116.01
1396,251,50,2025-01-13,2,937.16
1397,110,46,2025-01-25,1,198.58
1398,148,23,2025-01-22,1,87.7
1399,175,49,2025-04-30,2,634.9
1400,178,30,2024-12-08,1,96.59
1401,194,30,2025-01-04,1,96.59
1402,227,43,2025-03-06,2,306.18
1403,119,32,2025-04-30,2,40.0
1404,247,38,2024-12-01,3,847.77
1405,193,20,2024-12-01,1,246.34
1406,23,3,2024-11-15,2,467.92
1407,206,20,2025-01-31,2,492.68
1408,245,15,2025-02-28,1,146.72
1409,276,41,2024-12-13,1,103.36
1410,252,1,2025-05-02,1,69.72
1411,104,11,2025-01-30,1,118.53
1412,281,47,2025-02-22,2,974.16
1413,87,44,2025-02-25,1,268.86
1414,130,13,2025-05-06,1,378.97
1415,234,25,2025-02-21,1,49.53
1416,222,10,2025-05-19,3,287.97
1417,111,19,2025-01-04,1,320.49
1418,117,50,2025-01-30,2,937.16
1419,252,45,2024-12-09,1,240.63
1420,73,39,2025-05-06,1,94.46
1421,297,22,2025-02-01,1,378.89
1422,269,29,2025-04-23,1,183.19
1423,293,16,2025-02-08,1,147.88
1424,159,36,2025-04-22,3,537.48
1425,134,40,2025-03-14,1,234.04
1426,141,41,2025-04-26,1,103.36
1427,246,14,2025-03-26,1,123.33
1428,118,48,2025-03-13,1,249.55
1429,2,48,2025-01-18,1,249.55
1430,275,46,2025-04-26,2,397.16
1431,17,19,2024-11-20,1,320.49
1432,273,3,2024-12-14,1,233.96
1433,20,13,2024-11-23,1,378.97
1434,90,38,2025-01-17,2,565.18
1435,195,3,2025-02-07,3,701.88
1436,291,31,2025-04-23,1,169.33
1437,41,48,2025-03-18,1,249.55
1438,296,49,2025-02-19,1,317.45
1439,99,12,2025-05-18,1,188.63
1440,225,30,2025-02-18,1,96.59
1441,117,32,2025-03-30,1,20.0
1442,266,24,2025-05-14,1,341.1
1443,212,17,2025-01-06,1,464.71
1444,45,21,2025-04-13,1,288.48
1445,22,30,2025-03-21,3,289.77
1446,98,48,2024-11-09,1,249.55
1447,169,32,2024-11-24,1,20.0
1448,85,4,2024-12-04,1,20.0
1449,51,37,2025-01-20,3,601.02
1450,24,6,2024-11-03,1,398.17
1451,226,18,2025-02-17,1,462.41
1452,204,8,2024-11-09,1,148.53
1453,60,41,2025-01-26,1,103.36
1454,82,38,2024-12-08,1,282.59
1455,34,20,2025-05-13,2,492.68
1456,97,35,2025-04-06,1,311.3
1457,140,30,2025-03-05,1,96.59
1458,190,10,2024-11-25,1,95.99
1459,196,24,2025-05-11,1,341.1
1460,197,29,2024-11-29,1,183.19
1461,79,12,2024-11-30,1,188.63
1462,104,29,2025-04-22,1,183.19
1463,212,17,2024-11-11,2,929.42
1464,155,25,2025-03-17,2,99.06
1465,241,23,2025-05-06,2,175.4
1466,144,42,2025-01-06,2,40.0
1467,266,26,2025-04-13,1,123.47
1468,114,34,2024-11-14,1,116.01
1469,127,14,2024-12-14,3,369.99
1470,237,30,2025-04-17,1,96.59
1471,108,38,2025-01-09,1,282.59
1472,237,45,2025-01-13,2,481.26
1473,264,34,2024-12-25,1,116.01
1474,65,16,2025-03-19,3,443.64
1475,167,38,2025-01-29,2,565.18
1476,50,39,2024-12-21,1,94.46
1477,186,2,2025-03-19,1,319.68
1478,1,18,2025-04-20,2,924.82
1479,71,38,2025-03-12,1,282.59
1480,9,9,2024-11-10,1,351.91
1481,25,36,2024-11-28,1,179.16
1482,242,30,2025-02-13,1,96.59
1483,169,40,2025-03-30,1,234.04
1484,250,20,2025-04-29,1,246.34
1485,25,29,2025-04-12,1,183.19
1486,190,13,2025-04-12,1,378.97
1487,296,36,2025-03-25,2,358.32
1488,13,37,2025-01-11,3,601.02
1489,109,47,2025-03-27,1,487.08
1490,230,21,2025-05-15,2,576.96
1491,139,45,2025-05-07,1,240.63
1492,66,33,2024-11-29,1,20.0
1493,94,44,2025-02-01,2,537.72
1494,278,5,2025-02-22,1,130.57
1495,6,30,2025-05-08,1,96.59
1496,229,1,2024-12-14,1,69.72
1497,206,7,2025-05-20,1,20.0
1498,191,11,2025-04-30,1,118.53
1499,151,29,2025-01-10,1,183.19
1500,288,8,2025-01-27,1,148.53
1501,200,50,2024-11-07,1,468.58
1502,209,47,2025-04-20,2,974.16
1503,244,35,2025-05-05,1,311.3
1504,239,22,2024-12-10,3,1136.67
1505,222,49,2025-05-09,1,317.45
1506,291,20,2024-11-21,1,246.34
1507,239,14,2025-04-27,2,246.66
1508,280,19,2025-04-07,1,320.49
1509,110,9,2024-12-13,1,351.91
1510,143,26,2024-11-01,1,123.47
1511,261,28,2025-01-25,1,28.56
1512,46,4,2025-03-28,2,40.0
1513,111,36,2025-01-27,2,358.32
1514,126,28,2024-11-19,1,28.56
1515,293,23,2024-12-12,1,87.7
1516,242,26,2025-02-05,1,123.47
1517,98,24,2025-04-13,2,682.2
1518,255,19,2025-01-31,1,320.49
1519,245,42,2024-12-07,1,20.0
1520,64,10,2024-11-24,2,191.98
1521,50,45,2024-12-04,1,240.63
1522,121,2,2025-04-05,1,319.68
1523,194,3,2025-01-16,1,233.96
1524,119,43,2024-12-02,2,306.18
1525,269,7,2024-12-12,1,20.0
1526,37,49,2024-11-19,2,634.9
1527,191,33,2025-02-19,1,20.0
1528,131,18,2024-12-04,1,462.41
1529,163,44,2025-01-21,1,268.86
1530,59,46,2025-01-22,2,397.16
1531,6,20,2025-05-13,3,739.02
1532,190,36,2025-05-16,2,358.32
1533,59,12,2024-12-21,1,188.63
1534,241,38,2025-05-20,1,282.59
1535,251,28,2025-04-27,1,28.56
1536,58,40,2024-12-07,1,234.04
1537,93,49,2024-11-04,3,952.35
1538,184,49,2025-03-09,2,634.9
1539,291,46,2024-12-06,1,198.58
1540,53,34,2024-11-15,2,232.02
1541,80,13,2025-01-11,1,378.97
1542,43,31,2024-12-27,1,169.33
1543,255,39,2025-04-14,1,94.46
1544,10,50,2025-04-25,1,468.58
1545,272,39,2025-01-04,1,94.46
1546,4,20,2025-02-26,1,246.34
1547,196,7,2024-12-16,1,20.0
1548,184,36,2025-03-03,1,179.16
1549,7,4,2024-12-22,1,20.0
1550,116,28,2024-12-12,1,28.56
1551,84,39,2025-02-05,2,188.92
1552,27,20,2025-03-06,3,739.02
1553,298,9,2024-11-08,1,351.91
1554,29,18,2025-05-09,3,1387.23
1555,17,31,2025-03-18,2,338.66
1556,152,31,2025-01-27,1,169.33
1557,168,1,2025-05-13,1,69.72
1558,173,44,2024-12-12,1,268.86
1559,83,48,2025-03-18,1,249.55
1560,149,39,2024-12-14,1,94.46
1561,235,10,2025-01-18,1,95.99
1562,149,48,2024-11-18,1,249.55
1563,119,16,2025-02-14,2,295.76
1564,19,5,2025-04-08,1,130.57
1565,239,20,2025-03-03,1,246.34
1566,80,15,2025-05-17,2,293.44
1567,107,21,2025-04-21,1,288.48
1568,288,47,2025-05-15,1,487.08
1569,233,38,2024-12-03,2,565.18
1570,102,44,2025-03-02,3,806.58
1571,102,14,2025-02-24,1,123.33
1572,201,15,2024-11-21,2,293.44
1573,178,7,2025-03-29,2,40.0
1574,81,46,2025-04-05,1,198.58
1575,294,38,2024-11-07,1,282.59
1576,179,36,2024-12-17,1,179.16
1577,294,21,2025-01-31,2,576.96
1578,235,16,2024-12-13,3,443.64
1579,291,18,2024-11-04,1,462.41
1580,158,5,2025-04-18,1,130.57
1581,215,31,2024-11-13,1,169.33
1582,209,12,2025-02-08,1,188.63
1583,56,12,2025-02-11,2,377.26
1584,101,45,2025-01-31,1,240.63
1585,96,36,2024-12-29,1,179.16
1586,150,50,2025-02-12,2,937.16
1587,23,13,2025-03-11,1,378.97
1588,46,30,2025-01-21,1,96.59
1589,74,46,2024-11-18,2,397.16
1590,100,16,2024-12-23,1,147.88
1591,288,4,2025-01-16,1,20.0
1592,235,10,2025-02-01,2,191.98
1593,11,26,2025-05-01,2,246.94
1594,168,27,2025-04-25,2,617.7
1595,223,5,2024-12-11,1,130.57
1596,293,28,2025-03-02,1,28.56
1597,62,18,2025-03-12,1,462.41
1598,162,48,2024-11-30,1,249.55
1599,233,32,2025-03-27,2,40.0
1600,251,34,2025-03-08,1,116.01
1601,164,45,2025-04-12,2,481.26
1602,217,12,2025-03-11,2,377.26
1603,142,42,2025-04-01,3,60.0
1604,187,14,2025-05-02,1,123.33
1605,67,25,2025-02-19,1,49.53
1606,62,26,2025-05-12,1,123.47
1607,107,35,2025-01-22,2,622.6
1608,233,31,2025-05-08,1,169.33
1609,36,32,2024-11-18,2,40.0
1610,107,12,2024-11-07,1,188.63
1611,160,30,2024-12-11,3,289.77
1612,208,38,2024-12-20,1,282.59
1613,102,43,2024-12-17,2,306.18
1614,67,9,2025-03-25,1,351.91
1615,36,49,2025-05-19,1,317.45
1616,191,12,2025-04-17,3,565.89
1617,288,29,2025-04-17,3,549.57
1618,256,10,2025-04-19,2,191.98
1619,58,23,2024-12-29,1,87.7
1620,284,6,2025-04-16,1,398.17
1621,178,39,2024-11-29,1,94.46
1622,193,4,2025-04-25,1,20.0
1623,196,35,2025-03-19,1,311.3
1624,215,22,2024-11-21,1,378.89
1625,9,31,2025-02-03,1,169.33
1626,250,31,2025-05-11,1,169.33
1627,224,45,2024-11-26,2,481.26
1628,6,11,2025-05-14,1,118.53
1629,139,2,2024-11-02,1,319.68
1630,176,47,2025-04-07,1,487.08
1631,115,32,2025-03-10,1,20.0
1632,282,38,2025-02-10,1,282.59
1633,251,1,2025-05-02,1,69.72
1634,136,3,2025-01-17,2,467.92
1635,199,50,2025-01-17,1,468.58
1636,261,8,2024-11-11,3,445.59
1637,261,26,2025-01-15,1,123.47
1638,156,31,2025-04-22,3,507.99
1639,185,31,2025-04-08,1,169.33
1640,159,28,2024-11-15,1,28.56
1641,260,32,2025-03-02,1,20.0
1642,129,37,2025-02-02,3,601.02
1643,54,20,2025-03-10,1,246.34
1644,41,32,2025-03-16,2,40.0
1645,16,39,2024-12-26,1,94.46
1646,122,14,2025-01-13,1,123.33
1647,86,16,2025-05-17,3,443.64
1648,22,50,2025-04-16,1,468.58
1649,190,29,2025-02-16,1,183.19
1650,144,33,2025-04-11,1,20.0
1651,265,46,2025-01-17,1,198.58
1652,36,31,2025-04-11,1,169.33
1653,68,12,2025-05-07,2,377.26
1654,264,3,2024-12-29,1,233.96
1655,180,22,2025-03-12,1,378.89
1656,19,34,2025-03-12,1,116.01
1657,291,42,2024-11-28,2,40.0
1658,11,39,2025-03-11,3,283.38
1659,151,7,2024-11-14,2,40.0
1660,16,49,2025-04-21,1,317.45
1661,267,40,2024-12-22,1,234.04
1662,62,23,2025-01-09,1,87.7
1663,113,41,2025-05-09,1,103.36
1664,33,18,2025-01-20,1,462.41
1665,20,24,2025-01-17,1,341.1
1666,90,45,2024-12-04,1,240.63
1667,78,45,2025-02-08,2,481.26
1668,91,24,2024-11-09,1,341.1
1669,268,3,2024-11-01,1,233.96
1670,294,28,2024-11-30,1,28.56
1671,208,23,2024-11-13,1,87.7
1672,178,32,2024-12-05,1,20.0
1673,3,49,2025-04-15,1,317.45
1674,146,4,2025-05-05,2,40.0
1675,278,27,2025-02-10,1,308.85
1676,247,14,2025-01-27,2,246.66
1677,252,44,2025-04-30,2,537.72
1678,101,42,2025-04-01,1,20.0
1679,190,41,2024-11-02,2,206.72
1680,53,48,2024-12-17,2,499.1
1681,201,41,2025-03-25,1,103.36
1682,48,9,2024-11-03,1,351.91
1683,26,15,2025-04-12,1,146.72
1684,125,11,2025-02-09,2,237.06
1685,94,17,2024-11-14,1,464.71
1686,60,4,2025-01-08,1,20.0
1687,287,18,2025-05-18,1,462.41
1688,42,50,2025-04-30,2,937.16
1689,69,16,2025-04-21,2,295.76
1690,14,3,2025-04-18,2,467.92
1691,24,35,2025-03-23,1,311.3
1692,62,32,2025-01-27,2,40.0
1693,286,34,2025-01-17,2,232.02
1694,15,49,2024-11-05,1,317.45
1695,70,48,2024-11-23,1,249.55
1696,241,37,2025-03-16,1,200.34
1697,130,3,2025-03-16,1,233.96
1698,238,33,2024-12-25,2,40.0
1699,71,25,2025-01-30,1,49.53
1700,268,17,2025-04-29,2,929.42
1701,151,37,2024-12-06,1,200.34
1702,266,23,2025-03-30,2,175.4
1703,67,16,2025-01-09,3,443.64
1704,194,20,2025-01-07,1,246.34
1705,228,8,2025-04-19,2,297.06
1706,259,45,2025-04-28,2,481.26
1707,287,45,2025-03-24,1,240.63
1708,260,36,2025-03-13,1,179.16
1709,73,37,2025-02-11,1,200.34
1710,205,31,2025-03-09,2,338.66
1711,106,38,2025-04-20,1,282.59
1712,86,40,2025-02-26,1,234.04
1713,156,2,2025-03-02,1,319.68
1714,187,42,2025-04-22,1,20.0
1715,144,30,2025-01-15,1,96.59
1716,163,33,2024-12-07,1,20.0
1717,239,1,2024-11-30,1,69.72
1718,289,8,2025-04-03,1,148.53
1719,104,45,2025-03-04,3,721.89
1720,70,19,2024-11-07,1,320.49
1721,25,24,2024-11-26,1,341.1
1722,79,45,2025-03-15,1,240.63
1723,85,48,2025-02-19,2,499.1
1724,132,12,2025-01-21,2,377.26
1725,7,11,2024-12-02,1,118.53
1726,94,24,2025-01-31,1,341.1
1727,289,8,2025-03-05,1,148.53
1728,126,32,2025-03-06,3,60.0
1729,46,17,2024-12-11,1,464.71
1730,177,48,2025-05-05,1,249.55
1731,13,31,2024-11-26,1,169.33
1732,176,45,2024-12-08,1,240.63
1733,2,17,2025-02-01,1,464.71
1734,255,43,2024-12-11,1,153.09
1735,279,41,2025-05-09,1,103.36
1736,167,49,2025-03-12,1,317.45
1737,243,37,2025-04-09,1,200.34
1738,91,15,2025-05-02,1,146.72
1739,158,14,2025-01-10,1,123.33
1740,122,7,2024-11-28,2,40.0
1741,71,33,2025-01-07,3,60.0
1742,253,7,2025-03-25,1,20.0
1743,148,5,2025-05-01,1,130.57
1744,155,6,2025-02-21,2,796.34
1745,251,22,2025-01-05,2,757.78
1746,107,1,2024-11-28,3,209.16
1747,219,48,2025-03-21,1,249.55
1748,185,39,2025-04-29,2,188.92
1749,88,30,2025-01-07,1,96.59
1750,168,31,2024-11-07,2,338.66
1751,52,4,2025-04-30,3,60.0
1752,266,8,2025-05-13,1,148.53
1753,129,6,2025-04-03,2,796.34
1754,228,44,2025-03-02,2,537.72
1755,158,1,2024-12-25,1,69.72
1756,12,15,2025-02-18,3,440.16
1757,46,31,2024-12-25,1,169.33
1758,197,16,2025-04-25,1,147.88
1759,134,47,2025-01-09,1,487.08
1760,218,2,2024-11-27,1,319.68
1761,172,5,2024-11-22,1,130.57
1762,195,29,2024-12-11,2,366.38
1763,91,9,2025-03-24,1,351.91
1764,142,13,2025-04-01,1,378.97
1765,261,6,2025-02-03,1,398.17
1766,56,11,2024-12-18,1,118.53
1767,76,48,2024-12-16,1,249.55
1768,187,28,2025-04-05,1,28.56
1769,269,39,2025-04-17,1,94.46
1770,259,25,2025-04-05,2,99.06
1771,184,39,2024-11-14,1,94.46
1772,97,15,2024-11-04,1,146.72
1773,299,34,2025-03-02,2,232.02
1774,12,28,2025-03-20,3,85.68
1775,19,26,2025-02-02,2,246.94
1776,73,17,2025-04-24,3,1394.13
1777,195,23,2025-01-12,1,87.7
1778,95,49,2025-04-29,1,317.45
1779,125,21,2025-02-21,3,865.44
1780,67,46,2025-05-12,1,198.58
1781,121,45,2024-12-18,1,240.63
1782,85,2,2025-04-08,3,959.04
1783,125,14,2024-12-07,1,123.33
1784,12,50,2025-04-18,2,937.16
1785,43,42,2025-04-15,2,40.0
1786,243,38,2025-03-03,2,565.18
1787,9,5,2025-05-13,1,130.57
1788,115,47,2025-01-06,3,1461.24
1789,110,3,2025-03-18,1,233.96
1790,72,3,2024-12-03,2,467.92
1791,84,10,2025-02-16,1,95.99
1792,214,50,2025-05-20,1,468.58
1793,112,41,2025-02-17,2,206.72
1794,234,8,2024-11-29,2,297.06
1795,29,44,2025-04-10,1,268.86
1796,97,37,2025-05-14,3,601.02
1797,101,25,2024-12-05,1,49.53
1798,12,34,2025-03-27,2,232.02
1799,249,50,2024-12-07,1,468.58
1800,146,37,2025-05-06,1,200.34
1801,290,14,2025-01-24,1,123.33
1802,185,24,2025-01-27,1,341.1
1803,94,7,2025-02-20,2,40.0
1804,209,4,2025-05-17,2,40.0
1805,292,50,2024-12-11,1,468.58
1806,251,1,2024-11-07,2,139.44
1807,11,6,2025-05-13,1,398.17
1808,251,43,2024-12-02,1,153.09
1809,38,22,2025-02-09,1,378.89
1810,201,40,2025-05-05,3,702.12
1811,163,16,2024-12-09,1,147.88
1812,158,9,2025-05-05,2,703.82
1813,114,19,2025-02-09,1,320.49
1814,47,10,2025-04-29,1,95.99
1815,173,47,2025-05-01,1,487.08
1816,51,33,2025-01-08,2,40.0
1817,135,6,2025-01-25,3,1194.51
1818,9,38,2025-04-06,1,282.59
1819,189,26,2025-05-11,1,123.47
1820,77,24,2024-11-16,1,341.1
1821,201,7,2024-12-12,1,20.0
1822,11,45,2025-03-26,3,721.89
1823,174,32,2024-11-05,2,40.0
1824,34,41,2025-04-24,1,103.36
1825,246,22,2025-03-19,1,378.89
1826,30,16,2025-04-02,1,147.88
1827,299,14,2025-05-06,1,123.33
1828,60,18,2024-12-23,1,462.41
1829,129,44,2025-04-11,2,537.72
1830,174,26,2025-02-18,1,123.47
1831,247,34,2025-02-01,1,116.01
1832,254,11,2025-03-05,1,118.53
1833,297,44,2024-12-01,2,537.72
1834,184,23,2025-04-14,1,87.7
1835,121,43,2025-03-17,1,153.09
1836,54,45,2025-02-02,1,240.63
1837,150,22,2025-02-07,1,378.89
1838,248,33,2025-01-21,2,40.0
1839,2,22,2025-02-25,1,378.89
1840,269,31,2024-11-05,3,507.99
1841,80,46,2024-11-04,3,595.74
1842,123,28,2024-12-31,1,28.56
1843,266,44,2025-04-13,1,268.86
1844,106,5,2025-02-17,1,130.57
1845,272,19,2024-12-01,1,320.49
1846,8,10,2024-12-23,1,95.99
1847,25,18,2025-01-21,1,462.41
1848,203,27,2025-01-19,1,308.85
1849,283,1,2025-03-01,1,69.72
1850,142,25,2025-02-14,1,49.53
1851,199,14,2024-11-15,2,246.66
1852,31,7,2025-02-02,1,20.0
1853,19,31,2025-04-28,1,169.33
1854,123,41,2025-01-05,3,310.08
1855,140,35,2025-01-02,3,933.9
1856,227,1,2025-02-04,1,69.72
1857,206,2,2025-04-12,3,959.04
1858,186,43,2025-04-17,1,153.09
1859,241,14,2025-04-24,2,246.66
1860,273,33,2025-02-04,1,20.0
1861,142,30,2024-12-19,1,96.59
1862,147,22,2025-03-15,1,378.89
1863,290,37,2025-03-13,1,200.34
1864,155,16,2025-02-23,1,147.88
1865,103,16,2025-05-12,1,147.88
1866,246,47,2024-12-25,2,974.16
1867,85,6,2025-01-16,1,398.17
1868,219,16,2025-04-25,2,295.76
1869,5,1,2024-11-20,1,69.72
1870,172,32,2025-04-03,3,60.0
1871,79,10,2025-03-14,1,95.99
1872,170,23,2025-04-28,3,263.1
1873,45,41,2024-11-25,3,310.08
1874,255,25,2025-04-28,1,49.53
1875,199,42,2025-02-09,1,20.0
1876,37,31,2025-03-27,1,169.33
1877,22,49,2025-02-16,1,317.45
1878,176,48,2024-12-16,3,748.65
1879,38,16,2025-02-21,1,147.88
1880,20,40,2024-11-09,1,234.04
1881,256,33,2025-03-08,3,60.0
1882,30,30,2025-01-31,3,289.77
1883,297,22,2024-11-08,2,757.78
1884,240,16,2025-03-11,1,147.88
1885,79,27,2024-11-21,1,308.85
1886,59,39,2025-05-08,3,283.38
1887,107,44,2025-04-16,1,268.86
1888,78,18,2025-04-21,1,462.41
1889,171,49,2024-11-09,2,634.9
1890,127,10,2024-11-17,1,95.99
1891,173,3,2025-03-18,2,467.92
1892,103,29,2025-04-05,1,183.19
1893,269,3,2024-12-04,1,233.96
1894,250,17,2025-03-05,1,464.71
1895,153,31,2025-01-12,1,169.33
1896,224,31,2025-01-08,1,169.33
1897,298,48,2025-04-27,1,249.55
1898,6,15,2025-01-14,1,146.72
1899,79,40,2024-12-01,1,234.04
1900,280,36,2024-12-27,1,179.16
1901,126,14,2025-02-15,2,246.66
1902,25,8,2024-12-28,1,148.53
1903,250,26,2025-02-20,1,123.47
1904,268,28,2025-01-07,1,28.56
1905,63,14,2025-04-08,1,123.33
1906,38,36,2024-11-08,1,179.16
1907,280,26,2025-02-05,1,123.47
1908,35,17,2024-12-13,1,464.71
1909,264,44,2025-03-24,1,268.86
1910,181,9,2024-12-09,1,351.91
1911,177,35,2025-04-05,1,311.3
1912,86,45,2025-04-08,1,240.63
1913,160,19,2025-02-21,1,320.49
1914,116,42,2025-02-09,1,20.0
1915,143,33,2024-12-31,2,40.0
1916,160,11,2025-05-01,2,237.06
1917,252,24,2025-05-05,1,341.1
1918,296,38,2024-11-22,1,282.59
1919,251,11,2024-11-11,1,118.53
1920,209,8,2024-11-12,1,148.53
1921,147,4,2024-12-10,3,60.0
1922,108,21,2024-11-10,2,576.96
1923,101,35,2025-04-17,1,311.3
1924,38,27,2024-12-30,1,308.85
1925,36,7,2024-11-27,1,20.0
1926,241,45,2024-12-30,1,240.63
1927,211,42,2024-12-02,1,20.0
1928,75,21,2025-02-06,2,576.96
1929,161,50,2025-04-18,1,468.58
1930,68,34,2025-04-07,1,116.01
1931,187,17,2025-02-03,2,929.42
1932,119,30,2025-03-04,1,96.59
1933,196,5,2024-11-15,1,130.57
1934,113,46,2025-01-21,1,198.58
1935,99,8,2025-04-18,1,148.53
1936,23,40,2024-12-29,1,234.04
1937,80,40,2025-01-22,2,468.08
1938,97,43,2024-12-02,2,306.18
1939,291,9,2025-01-17,2,703.82
1940,4,14,2025-04-15,2,246.66
1941,269,9,2024-12-17,1,351.91
1942,300,12,2025-01-23,1,188.63
1943,15,46,2025-02-09,2,397.16
1944,4,49,2025-02-08,1,317.45
1945,201,42,2025-01-13,2,40.0
1946,118,15,2024-11-25,1,146.72
1947,33,42,2025-03-07,1,20.0
1948,161,9,2025-01-28,1,351.91
1949,110,33,2024-11-13,1,20.0
1950,223,31,2024-11-08,2,338.66
1951,185,16,2024-11-17,1,147.88
1952,11,45,2024-11-21,2,481.26
1953,275,16,2025-01-06,1,147.88
1954,273,14,2025-03-10,1,123.33
1955,182,9,2024-11-01,1,351.91
1956,292,10,2024-12-05,1,95.99
1957,233,29,2024-12-02,1,183.19
1958,40,23,2025-04-14,1,87.7
1959,1,1,2025-01-16,1,69.72
1960,15,40,2025-03-20,1,234.04
1961,132,16,2025-04-16,2,295.76
1962,290,1,2025-02-02,1,69.72
1963,176,19,2024-12-27,1,320.49
1964,257,28,2025-03-12,1,28.56
1965,267,14,2025-04-18,3,369.99
1966,133,11,2024-12-07,2,237.06
1967,59,18,2025-02-28,3,1387.23
1968,80,29,2025-02-27,1,183.19
1969,107,15,2025-04-30,1,146.72
1970,236,49,2025-03-25,1,317.45
1971,296,43,2025-03-30,2,306.18
1972,139,50,2025-03-28,2,937.16
1973,32,50,2024-12-11,1,468.58
1974,127,11,2024-11-10,1,118.53
1975,281,44,2025-05-15,1,268.86
1976,123,15,2025-03-09,1,146.72
1977,160,10,2025-05-15,1,95.99
1978,236,19,2025-02-03,1,320.49
1979,274,28,2025-05-13,1,28.56
1980,4,42,2025-04-18,1,20.0
1981,11,19,2025-02-05,1,320.49
1982,239,14,2025-05-20,2,246.66
1983,289,19,2025-02-01,1,320.49
1984,300,18,2025-03-28,1,462.41
1985,95,18,2025-04-30,3,1387.23
1986,2,48,2025-05-20,1,249.55
1987,226,14,2024-12-02,1,123.33
1988,50,37,2024-11-26,2,400.68
1989,265,36,2024-12-09,1,179.16
1990,87,12,2024-11-07,1,188.63
1991,95,5,2025-02-02,1,130.57
1992,120,15,2025-01-10,1,146.72
1993,230,14,2025-03-03,1,123.33
1994,62,44,2025-05-04,1,268.86
1995,286,12,2024-11-02,1,188.63
1996,250,21,2025-03-17,1,288.48
1997,31,19,2025-03-17,2,640.98
1998,116,11,2025-02-03,2,237.06
1999,262,30,2025-01-25,3,289.77
2000,82,41,2024-12-09,1,103.36
